{
    "loss": 2.0531888008117676,
    "accuracy": 0.5035971403121948
}